"Team","Avg_PTS","Avg_AST","Avg_REB","Avg_STL","Avg_BLK","Avg_TOV","Avg_PF"
"3TM",17.4,6.9,3.4,1.2,0.2,2.7,3.1
"ATL",16.825,3.39,6.39,1.275,0.79,1.77,3.065
"DAL",16.5782608695652,3.66521739130435,7.52173913043478,1.07391304347826,1.03478260869565,1.89565217391304,3.01739130434783
"CLE",16.465,3.605,7.19,1.02,0.665,1.9,3.165
"HOU",16.0764705882353,2.84705882352941,7.51764705882353,1.17058823529412,1.00588235294118,1.92352941176471,3.27647058823529
