"Pos","Average_PP36"
"PF",15.1975409836066
"PG",15.0427480916031
"SG",14.6502762430939
"C",14.6263565891473
"SF",14.4099173553719
